{
	"skin-name": "Polaris",
	"preview-bg": "#ffffff",
	"text": "#333333",
	"text-inverse": "#ffffff",
	"text-disabled": "#aaaaaa",
	"has-gradients": false,
	"has-radius": true,
	"has-boxshadow": false,
	"has-button-borders": false,
	"btn-text": "#212b36",
	"btn-text-shadow": "#ffffff",
	"btn-bg": "#ffffff",
	"btn-bg-hlight": "#d9d9d9",
	"btn-border-top": "rgba(79,93,186,0)",
	"btn-border-right": "rgba(79,93,186,0)",
	"btn-border-bottom": "rgba(79,93,186,0)",
	"btn-border-left": "rgba(79,93,186,0)",
	"btn-split-border": "#575c7d",
	"btn-primary-text": "#ffffff",
	"btn-primary-text-shadow": "#606FC7",
	"btn-primary-bg": "#606fc7",
	"btn-primary-bg-hlight": "#5B67C7",
	"btn-padding": "4px 8px",
	"menu-bg": "#ffffff",
	"menu-border": "rgba(0,0,0,0.2)",
	"menuitem-text": "#333333",
	"menuitem-bg-selected": "#606FC7",
	"menuitem-bg-selected-hlight": "#606fc7",
	"menuitem-separator-top": "#cbcbcb",
	"menuitem-separator-bottom": "#ffffff",
	"menuitem-text-inverse": "#ffffff",
	"menuitem-bg-active": "#f4f6f8",
	"menuitem-text-active": "#33333",
	"menuitem-preview-border-active": "#ebebeb",
	"menubar-menubtn-text": "",
	"checkbox-border": "#5c6ac4",
	"checkbox-border-focus": "#5c6ac4",
	"panel-border": "#5C6AC4",
	"panel-bg": "#ffffff",
	"panel-bg-hlight": "#dddddd",
	"textbox-bg": "#ffffff",
	"textbox-border": "#c5c5c5",
	"textbox-border-focus": "#59a5e1",
	"window-bg": "#ffffff",
	"window-border": "#c4c4c4",
	"tab-bg": "#dfe4e8",
	"tab-bg-hover": "#fdfdfd",
	"tab-bg-active": "#fdfdfd",
	"tab-border": "#4F5DBA",
	"tabs-bg": "#ffffff",
	"notification-bg": "#f4f6f8",
	"notification-border": "#919eab",
	"notification-text": "#212b36",
	"notification-success-bg": "#e3f1df",
	"notification-success-border": "#50b83c",
	"notification-success-text": "#212b36",
	"notification-info-bg": "#e0f5f5",
	"notification-info-border": "#47c1bf",
	"notification-info-text": "#212b36",
	"notification-warning-bg": "#fcf1cd",
	"notification-warning-border": "#eec200",
	"notification-warning-text": "#212b36",
	"notification-error-bg": "#fbeae5",
	"notification-error-border": "#ed6347",
	"notification-error-text": "#212B36",
	"progress-bar-bg": "#dfdfdf",
	"progress-bar-bg-hlight": "#eff1f3",
	"progress-border": "#eff1f3",
	"progress-text": "#eff1f3",
	"progress-text-shadow": "#eff1f3",
	"slider-bg": "#ffffff",
	"slider-border": "#aaaaaa",
	"slider-handle-bg": "#dddddd",
	"slider-handle-border": "#bbbbbb",
	"colorbtn-backcolor-bg": "#bbbbbb",
	"grid-border": "#d6d6d6",
	"grid-border-active": "#a1a1a1"
}